<?xml version="1.0" encoding="UTF-8" ?>
<!DOCTYPE log4j:configuration SYSTEM "log4j.dtd">

<log4j:configuration xmlns:log4j="http://jakarta.apache.org/log4j/">
    <appender name="console" class="org.apache.log4j.ConsoleAppender"> 
        <layout class="org.apache.log4j.PatternLayout"> 
            <param name="ConversionPattern" value="%d %-5p %c [%t] - %m%n" />
        </layout> 
    </appender> 

    <appender name="Default" class="org.apache.log4j.DailyRollingFileAppender">
        <param name="File" value="/VZ/opt/app/gchclinws/logs/app.log" />
        <param name="Append" value="true" />
        <layout class="org.apache.log4j.PatternLayout">
            <param name="ConversionPattern" value="%d %-5p %c [%t] - %m%n" />
        </layout>
    </appender>
    
    <logger name="com.bea">
        <level value="warn" />
    </logger>

    <logger name="org.apache">
        <level value="info" />
    </logger>

    <logger name="org.apache.solr">
        <level value="warn" />
    </logger>

    <logger name="httpclient">
        <level value="warn" />
    </logger>

    <logger name="com.vzb">
        <level value="info" />
    </logger>

    <logger name="com.vz">
        <level value="info" />
    </logger>

    <root>
        <priority value ="info" />  
        <appender-ref ref="Default" /> 
    </root>
  
</log4j:configuration>