<?xml version="1.0" encoding="UTF-8"?>
<wls:weblogic-ejb-jar xmlns:wls="http://xmlns.oracle.com/weblogic/weblogic-ejb-jar" 
                  xmlns:xsi="http://www.w3.org/2001/XMLSchema-instance" 
                  xsi:schemaLocation="http://java.sun.com/xml/ns/javaee http://java.sun.com/xml/ns/javaee/ejb-jar_3_1.xsd http://xmlns.oracle.com/weblogic/weblogic-ejb-jar http://xmlns.oracle.com/weblogic/weblogic-ejb-jar/1.4/weblogic-ejb-jar.xsd">

<wls:weblogic-enterprise-bean>
		<wls:ejb-name>ClinRetrivalBean</wls:ejb-name>
		<wls:transaction-descriptor>
			<wls:trans-timeout-seconds>6000</wls:trans-timeout-seconds>
		</wls:transaction-descriptor>
	</wls:weblogic-enterprise-bean>

	<wls:weblogic-enterprise-bean>
		<wls:ejb-name>ClinSelectServicesBean</wls:ejb-name>
		<wls:transaction-descriptor>
			<wls:trans-timeout-seconds>900</wls:trans-timeout-seconds>
		</wls:transaction-descriptor>
	</wls:weblogic-enterprise-bean>
	
</wls:weblogic-ejb-jar>
