<?xml version="1.0" encoding="UTF-8"?>
<beans xmlns="http://www.springframework.org/schema/beans"
    xmlns:xsi="http://www.w3.org/2001/XMLSchema-instance" 
    xmlns:context="http://www.springframework.org/schema/context"
    xmlns:tx="http://www.springframework.org/schema/tx" 
    xmlns:p="http://www.springframework.org/schema/p"
    xsi:schemaLocation="
                http://www.springframework.org/schema/beans     
                http://www.springframework.org/schema/beans/spring-beans-3.1.xsd
                http://www.springframework.org/schema/tx 
                http://www.springframework.org/schema/tx/spring-tx-3.1.xsd
                http://www.springframework.org/schema/aop 
                http://www.springframework.org/schema/aop/spring-aop-3.1.xsd 
                http://www.springframework.org/schema/context 
                http://www.springframework.org/schema/context/spring-context-3.1.xsd">

<bean id="MQJMS_TP_CLIENT_MQ_TCPIP" class="org.springframework.beans.factory.config.FieldRetrievingFactoryBean">
   	<property name="staticField">
      	   <value>com.ibm.mq.jms.JMSC.MQJMS_TP_CLIENT_MQ_TCPIP</value>
	</property>
</bean>

<bean id="configLoader" class="com.vz.gchclin.mq.select.GchClinMqPropertyPlaceholderConfigurer">
    <property name="ignoreUnresolvablePlaceholders" value="false"/>	    
</bean> 

<bean id="CLINLISTQueueConnectionFactory" class="com.ibm.mq.jms.MQQueueConnectionFactory">
    <property name="transportType" ref="MQJMS_TP_CLIENT_MQ_TCPIP" />
    <property name="queueManager" value="#{MQ_QUEUEMANAGER}" />
    <property name="hostName" value="#{MQ_HOSTNAME}" />
    <property name="port" value="#{MQ_PORT}" />
    <property name="channel" value="#{MQ_CHANNEL}" />	   
</bean>

<bean id="CLINLISTQueueDestination" class="com.ibm.mq.jms.MQQueue">
       <property name="baseQueueName">
	   <value>#{MULTI_TO_GCHCLIN_CLINLIST_DESTINATION}</value>
       </property>
</bean>

<bean id="CLINLISTQueueTemplate" class="org.springframework.jms.core.JmsTemplate102" lazy-init="true"> 
      <property name="connectionFactory" ref="CLINLISTQueueConnectionFactory" /> 
      <property name="receiveTimeout">
                  <value>20000</value>
      </property>
</bean> 

<bean id="ClinListJmsReceiveListener" class="com.vz.gchclin.mq.select.ClinListJmsReceiveListener"/>

<bean id="clinlistContainer" class="org.springframework.jms.listener.DefaultMessageListenerContainer102">
      <property name="connectionFactory" ref="CLINLISTQueueConnectionFactory" />
      <property name="messageListener" ref="ClinListJmsReceiveListener" />
      <property name="destination" ref="CLINLISTQueueDestination" />
</bean>
</beans>
